keepalive	main	router	1	done	320000
keepalive	main	router	1	failed	0
keepalive	main	router	1	elapsed_s	1.26
keepalive	main	router	1	req_per_s	253523
keepalive	main	router	1	p50_us	228
keepalive	main	router	1	p90_us	371
keepalive	main	router	1	p99_us	600
keepalive	main	router	1	max_us	27170
keepalive	3915	router	1	done	320000
keepalive	3915	router	1	failed	0
keepalive	3915	router	1	elapsed_s	1.07
keepalive	3915	router	1	req_per_s	299643
keepalive	3915	router	1	p50_us	203
keepalive	3915	router	1	p90_us	307
keepalive	3915	router	1	p99_us	486
keepalive	3915	router	1	max_us	1691
keepalive	fork	router	1	done	320000
keepalive	fork	router	1	failed	0
keepalive	fork	router	1	elapsed_s	1.22
keepalive	fork	router	1	req_per_s	262056
keepalive	fork	router	1	p50_us	225
keepalive	fork	router	1	p90_us	371
keepalive	fork	router	1	p99_us	585
keepalive	fork	router	1	max_us	4756
keepalive	both	router	1	done	320000
keepalive	both	router	1	failed	0
keepalive	both	router	1	elapsed_s	1.11
keepalive	both	router	1	req_per_s	287355
keepalive	both	router	1	p50_us	205
keepalive	both	router	1	p90_us	327
keepalive	both	router	1	p99_us	579
keepalive	both	router	1	max_us	2902
keepalive	main	router	2	done	320000
keepalive	main	router	2	failed	0
keepalive	main	router	2	elapsed_s	1.20
keepalive	main	router	2	req_per_s	267381
keepalive	main	router	2	p50_us	223
keepalive	main	router	2	p90_us	342
keepalive	main	router	2	p99_us	539
keepalive	main	router	2	max_us	8532
keepalive	3915	router	2	done	320000
keepalive	3915	router	2	failed	0
keepalive	3915	router	2	elapsed_s	1.27
keepalive	3915	router	2	req_per_s	251563
keepalive	3915	router	2	p50_us	220
keepalive	3915	router	2	p90_us	407
keepalive	3915	router	2	p99_us	733
keepalive	3915	router	2	max_us	6734
keepalive	fork	router	2	done	320000
keepalive	fork	router	2	failed	0
keepalive	fork	router	2	elapsed_s	1.21
keepalive	fork	router	2	req_per_s	265039
keepalive	fork	router	2	p50_us	225
keepalive	fork	router	2	p90_us	357
keepalive	fork	router	2	p99_us	562
keepalive	fork	router	2	max_us	2929
keepalive	both	router	2	done	320000
keepalive	both	router	2	failed	0
keepalive	both	router	2	elapsed_s	1.08
keepalive	both	router	2	req_per_s	296992
keepalive	both	router	2	p50_us	202
keepalive	both	router	2	p90_us	312
keepalive	both	router	2	p99_us	519
keepalive	both	router	2	max_us	1309
keepalive	main	router	3	done	320000
keepalive	main	router	3	failed	0
keepalive	main	router	3	elapsed_s	1.24
keepalive	main	router	3	req_per_s	257337
keepalive	main	router	3	p50_us	225
keepalive	main	router	3	p90_us	363
keepalive	main	router	3	p99_us	593
keepalive	main	router	3	max_us	9462
keepalive	3915	router	3	done	320000
keepalive	3915	router	3	failed	0
keepalive	3915	router	3	elapsed_s	1.15
keepalive	3915	router	3	req_per_s	279332
keepalive	3915	router	3	p50_us	209
keepalive	3915	router	3	p90_us	339
keepalive	3915	router	3	p99_us	580
keepalive	3915	router	3	max_us	3570
keepalive	fork	router	3	done	320000
keepalive	fork	router	3	failed	0
keepalive	fork	router	3	elapsed_s	1.15
keepalive	fork	router	3	req_per_s	277171
keepalive	fork	router	3	p50_us	220
keepalive	fork	router	3	p90_us	334
keepalive	fork	router	3	p99_us	517
keepalive	fork	router	3	max_us	2094
keepalive	both	router	3	done	320000
keepalive	both	router	3	failed	0
keepalive	both	router	3	elapsed_s	1.09
keepalive	both	router	3	req_per_s	293266
keepalive	both	router	3	p50_us	204
keepalive	both	router	3	p90_us	317
keepalive	both	router	3	p99_us	535
keepalive	both	router	3	max_us	4175
keepalive	main	router	4	done	320000
keepalive	main	router	4	failed	0
keepalive	main	router	4	elapsed_s	1.28
keepalive	main	router	4	req_per_s	249992
keepalive	main	router	4	p50_us	229
keepalive	main	router	4	p90_us	383
keepalive	main	router	4	p99_us	635
keepalive	main	router	4	max_us	10779
keepalive	3915	router	4	done	320000
keepalive	3915	router	4	failed	0
keepalive	3915	router	4	elapsed_s	1.13
keepalive	3915	router	4	req_per_s	282904
keepalive	3915	router	4	p50_us	209
keepalive	3915	router	4	p90_us	338
keepalive	3915	router	4	p99_us	549
keepalive	3915	router	4	max_us	1960
keepalive	fork	router	4	done	320000
keepalive	fork	router	4	failed	0
keepalive	fork	router	4	elapsed_s	1.15
keepalive	fork	router	4	req_per_s	279208
keepalive	fork	router	4	p50_us	218
keepalive	fork	router	4	p90_us	330
keepalive	fork	router	4	p99_us	526
keepalive	fork	router	4	max_us	1518
keepalive	both	router	4	done	320000
keepalive	both	router	4	failed	0
keepalive	both	router	4	elapsed_s	1.05
keepalive	both	router	4	req_per_s	305324
keepalive	both	router	4	p50_us	200
keepalive	both	router	4	p90_us	297
keepalive	both	router	4	p99_us	478
keepalive	both	router	4	max_us	1321
keepalive	main	router	5	done	320000
keepalive	main	router	5	failed	0
keepalive	main	router	5	elapsed_s	1.17
keepalive	main	router	5	req_per_s	273378
keepalive	main	router	5	p50_us	219
keepalive	main	router	5	p90_us	329
keepalive	main	router	5	p99_us	513
keepalive	main	router	5	max_us	11103
keepalive	3915	router	5	done	320000
keepalive	3915	router	5	failed	0
keepalive	3915	router	5	elapsed_s	1.11
keepalive	3915	router	5	req_per_s	288500
keepalive	3915	router	5	p50_us	204
keepalive	3915	router	5	p90_us	321
keepalive	3915	router	5	p99_us	575
keepalive	3915	router	5	max_us	4344
keepalive	fork	router	5	done	320000
keepalive	fork	router	5	failed	0
keepalive	fork	router	5	elapsed_s	1.25
keepalive	fork	router	5	req_per_s	255660
keepalive	fork	router	5	p50_us	227
keepalive	fork	router	5	p90_us	377
keepalive	fork	router	5	p99_us	667
keepalive	fork	router	5	max_us	5848
keepalive	both	router	5	done	320000
keepalive	both	router	5	failed	0
keepalive	both	router	5	elapsed_s	1.04
keepalive	both	router	5	req_per_s	306737
keepalive	both	router	5	p50_us	200
keepalive	both	router	5	p90_us	294
keepalive	both	router	5	p99_us	478
keepalive	both	router	5	max_us	2568
keepalive	main	router	6	done	320000
keepalive	main	router	6	failed	0
keepalive	main	router	6	elapsed_s	1.20
keepalive	main	router	6	req_per_s	266205
keepalive	main	router	6	p50_us	222
keepalive	main	router	6	p90_us	346
keepalive	main	router	6	p99_us	546
keepalive	main	router	6	max_us	12312
keepalive	3915	router	6	done	320000
keepalive	3915	router	6	failed	0
keepalive	3915	router	6	elapsed_s	1.08
keepalive	3915	router	6	req_per_s	295459
keepalive	3915	router	6	p50_us	203
keepalive	3915	router	6	p90_us	314
keepalive	3915	router	6	p99_us	518
keepalive	3915	router	6	max_us	3008
keepalive	fork	router	6	done	320000
keepalive	fork	router	6	failed	0
keepalive	fork	router	6	elapsed_s	1.14
keepalive	fork	router	6	req_per_s	280382
keepalive	fork	router	6	p50_us	214
keepalive	fork	router	6	p90_us	333
keepalive	fork	router	6	p99_us	543
keepalive	fork	router	6	max_us	1840
keepalive	both	router	6	done	320000
keepalive	both	router	6	failed	0
keepalive	both	router	6	elapsed_s	1.19
keepalive	both	router	6	req_per_s	270017
keepalive	both	router	6	p50_us	212
keepalive	both	router	6	p90_us	365
keepalive	both	router	6	p99_us	606
keepalive	both	router	6	max_us	4390
keepalive	main	router	7	done	320000
keepalive	main	router	7	failed	0
keepalive	main	router	7	elapsed_s	1.23
keepalive	main	router	7	req_per_s	259628
keepalive	main	router	7	p50_us	225
keepalive	main	router	7	p90_us	359
keepalive	main	router	7	p99_us	559
keepalive	main	router	7	max_us	9090
keepalive	3915	router	7	done	320000
keepalive	3915	router	7	failed	0
keepalive	3915	router	7	elapsed_s	1.13
keepalive	3915	router	7	req_per_s	281985
keepalive	3915	router	7	p50_us	208
keepalive	3915	router	7	p90_us	341
keepalive	3915	router	7	p99_us	566
keepalive	3915	router	7	max_us	2179
keepalive	fork	router	7	done	320000
keepalive	fork	router	7	failed	0
keepalive	fork	router	7	elapsed_s	1.19
keepalive	fork	router	7	req_per_s	268167
keepalive	fork	router	7	p50_us	225
keepalive	fork	router	7	p90_us	350
keepalive	fork	router	7	p99_us	562
keepalive	fork	router	7	max_us	1557
keepalive	both	router	7	done	320000
keepalive	both	router	7	failed	0
keepalive	both	router	7	elapsed_s	1.13
keepalive	both	router	7	req_per_s	283756
keepalive	both	router	7	p50_us	207
keepalive	both	router	7	p90_us	335
keepalive	both	router	7	p99_us	560
keepalive	both	router	7	max_us	4111
keepalive	main	router	8	done	320000
keepalive	main	router	8	failed	0
keepalive	main	router	8	elapsed_s	1.42
keepalive	main	router	8	req_per_s	224770
keepalive	main	router	8	p50_us	247
keepalive	main	router	8	p90_us	460
keepalive	main	router	8	p99_us	748
keepalive	main	router	8	max_us	14260
keepalive	3915	router	8	done	320000
keepalive	3915	router	8	failed	0
keepalive	3915	router	8	elapsed_s	1.11
keepalive	3915	router	8	req_per_s	288422
keepalive	3915	router	8	p50_us	206
keepalive	3915	router	8	p90_us	328
keepalive	3915	router	8	p99_us	536
keepalive	3915	router	8	max_us	1582
keepalive	fork	router	8	done	320000
keepalive	fork	router	8	failed	0
keepalive	fork	router	8	elapsed_s	1.20
keepalive	fork	router	8	req_per_s	267132
keepalive	fork	router	8	p50_us	224
keepalive	fork	router	8	p90_us	355
keepalive	fork	router	8	p99_us	554
keepalive	fork	router	8	max_us	2770
keepalive	both	router	8	done	320000
keepalive	both	router	8	failed	0
keepalive	both	router	8	elapsed_s	1.10
keepalive	both	router	8	req_per_s	289796
keepalive	both	router	8	p50_us	204
keepalive	both	router	8	p90_us	324
keepalive	both	router	8	p99_us	564
keepalive	both	router	8	max_us	2205
keepalive	main	router	9	done	320000
keepalive	main	router	9	failed	0
keepalive	main	router	9	elapsed_s	1.33
keepalive	main	router	9	req_per_s	240214
keepalive	main	router	9	p50_us	237
keepalive	main	router	9	p90_us	418
keepalive	main	router	9	p99_us	641
keepalive	main	router	9	max_us	9227
keepalive	3915	router	9	done	320000
keepalive	3915	router	9	failed	0
keepalive	3915	router	9	elapsed_s	1.24
keepalive	3915	router	9	req_per_s	258757
keepalive	3915	router	9	p50_us	220
keepalive	3915	router	9	p90_us	392
keepalive	3915	router	9	p99_us	623
keepalive	3915	router	9	max_us	3589
keepalive	fork	router	9	done	320000
keepalive	fork	router	9	failed	0
keepalive	fork	router	9	elapsed_s	1.22
keepalive	fork	router	9	req_per_s	263048
keepalive	fork	router	9	p50_us	227
keepalive	fork	router	9	p90_us	365
keepalive	fork	router	9	p99_us	575
keepalive	fork	router	9	max_us	2229
keepalive	both	router	9	done	320000
keepalive	both	router	9	failed	0
keepalive	both	router	9	elapsed_s	1.14
keepalive	both	router	9	req_per_s	281742
keepalive	both	router	9	p50_us	210
keepalive	both	router	9	p90_us	338
keepalive	both	router	9	p99_us	547
keepalive	both	router	9	max_us	2095
keepalive	main	router	10	done	320000
keepalive	main	router	10	failed	0
keepalive	main	router	10	elapsed_s	1.22
keepalive	main	router	10	req_per_s	261846
keepalive	main	router	10	p50_us	225
keepalive	main	router	10	p90_us	350
keepalive	main	router	10	p99_us	560
keepalive	main	router	10	max_us	10227
keepalive	3915	router	10	done	320000
keepalive	3915	router	10	failed	0
keepalive	3915	router	10	elapsed_s	1.14
keepalive	3915	router	10	req_per_s	280366
keepalive	3915	router	10	p50_us	209
keepalive	3915	router	10	p90_us	345
keepalive	3915	router	10	p99_us	564
keepalive	3915	router	10	max_us	2298
keepalive	fork	router	10	done	320000
keepalive	fork	router	10	failed	0
keepalive	fork	router	10	elapsed_s	1.24
keepalive	fork	router	10	req_per_s	257606
keepalive	fork	router	10	p50_us	227
keepalive	fork	router	10	p90_us	381
keepalive	fork	router	10	p99_us	595
keepalive	fork	router	10	max_us	5127
keepalive	both	router	10	done	320000
keepalive	both	router	10	failed	0
keepalive	both	router	10	elapsed_s	1.08
keepalive	both	router	10	req_per_s	297274
keepalive	both	router	10	p50_us	202
keepalive	both	router	10	p90_us	311
keepalive	both	router	10	p99_us	513
keepalive	both	router	10	max_us	3753
keepalive	main	router	11	done	320000
keepalive	main	router	11	failed	0
keepalive	main	router	11	elapsed_s	1.26
keepalive	main	router	11	req_per_s	253715
keepalive	main	router	11	p50_us	227
keepalive	main	router	11	p90_us	372
keepalive	main	router	11	p99_us	633
keepalive	main	router	11	max_us	11034
keepalive	3915	router	11	done	320000
keepalive	3915	router	11	failed	0
keepalive	3915	router	11	elapsed_s	1.10
keepalive	3915	router	11	req_per_s	291675
keepalive	3915	router	11	p50_us	205
keepalive	3915	router	11	p90_us	320
keepalive	3915	router	11	p99_us	528
keepalive	3915	router	11	max_us	2775
keepalive	fork	router	11	done	320000
keepalive	fork	router	11	failed	0
keepalive	fork	router	11	elapsed_s	1.15
keepalive	fork	router	11	req_per_s	277190
keepalive	fork	router	11	p50_us	221
keepalive	fork	router	11	p90_us	331
keepalive	fork	router	11	p99_us	506
keepalive	fork	router	11	max_us	1666
keepalive	both	router	11	done	320000
keepalive	both	router	11	failed	0
keepalive	both	router	11	elapsed_s	1.07
keepalive	both	router	11	req_per_s	299214
keepalive	both	router	11	p50_us	202
keepalive	both	router	11	p90_us	307
keepalive	both	router	11	p99_us	507
keepalive	both	router	11	max_us	4917
keepalive	main	router	12	done	320000
keepalive	main	router	12	failed	0
keepalive	main	router	12	elapsed_s	1.18
keepalive	main	router	12	req_per_s	270683
keepalive	main	router	12	p50_us	221
keepalive	main	router	12	p90_us	334
keepalive	main	router	12	p99_us	519
keepalive	main	router	12	max_us	11824
keepalive	3915	router	12	done	320000
keepalive	3915	router	12	failed	0
keepalive	3915	router	12	elapsed_s	1.09
keepalive	3915	router	12	req_per_s	293636
keepalive	3915	router	12	p50_us	202
keepalive	3915	router	12	p90_us	313
keepalive	3915	router	12	p99_us	548
keepalive	3915	router	12	max_us	6256
keepalive	fork	router	12	done	320000
keepalive	fork	router	12	failed	0
keepalive	fork	router	12	elapsed_s	1.18
keepalive	fork	router	12	req_per_s	270800
keepalive	fork	router	12	p50_us	222
keepalive	fork	router	12	p90_us	345
keepalive	fork	router	12	p99_us	557
keepalive	fork	router	12	max_us	6123
keepalive	both	router	12	done	320000
keepalive	both	router	12	failed	0
keepalive	both	router	12	elapsed_s	1.07
keepalive	both	router	12	req_per_s	298789
keepalive	both	router	12	p50_us	197
keepalive	both	router	12	p90_us	303
keepalive	both	router	12	p99_us	579
keepalive	both	router	12	max_us	4603
keepalive	main	router	13	done	320000
keepalive	main	router	13	failed	0
keepalive	main	router	13	elapsed_s	1.18
keepalive	main	router	13	req_per_s	270340
keepalive	main	router	13	p50_us	220
keepalive	main	router	13	p90_us	332
keepalive	main	router	13	p99_us	506
keepalive	main	router	13	max_us	37029
keepalive	3915	router	13	done	320000
keepalive	3915	router	13	failed	0
keepalive	3915	router	13	elapsed_s	1.04
keepalive	3915	router	13	req_per_s	306482
keepalive	3915	router	13	p50_us	199
keepalive	3915	router	13	p90_us	294
keepalive	3915	router	13	p99_us	457
keepalive	3915	router	13	max_us	3935
keepalive	fork	router	13	done	320000
keepalive	fork	router	13	failed	0
keepalive	fork	router	13	elapsed_s	1.18
keepalive	fork	router	13	req_per_s	270416
keepalive	fork	router	13	p50_us	222
keepalive	fork	router	13	p90_us	347
keepalive	fork	router	13	p99_us	571
keepalive	fork	router	13	max_us	6199
keepalive	both	router	13	done	320000
keepalive	both	router	13	failed	0
keepalive	both	router	13	elapsed_s	1.05
keepalive	both	router	13	req_per_s	303546
keepalive	both	router	13	p50_us	199
keepalive	both	router	13	p90_us	300
keepalive	both	router	13	p99_us	491
keepalive	both	router	13	max_us	2486
keepalive	main	router	14	done	320000
keepalive	main	router	14	failed	0
keepalive	main	router	14	elapsed_s	1.21
keepalive	main	router	14	req_per_s	263898
keepalive	main	router	14	p50_us	221
keepalive	main	router	14	p90_us	343
keepalive	main	router	14	p99_us	601
keepalive	main	router	14	max_us	10961
keepalive	3915	router	14	done	320000
keepalive	3915	router	14	failed	0
keepalive	3915	router	14	elapsed_s	1.12
keepalive	3915	router	14	req_per_s	285829
keepalive	3915	router	14	p50_us	206
keepalive	3915	router	14	p90_us	322
keepalive	3915	router	14	p99_us	583
keepalive	3915	router	14	max_us	4147
keepalive	fork	router	14	done	320000
keepalive	fork	router	14	failed	0
keepalive	fork	router	14	elapsed_s	1.16
keepalive	fork	router	14	req_per_s	276657
keepalive	fork	router	14	p50_us	220
keepalive	fork	router	14	p90_us	334
keepalive	fork	router	14	p99_us	518
keepalive	fork	router	14	max_us	1831
keepalive	both	router	14	done	320000
keepalive	both	router	14	failed	0
keepalive	both	router	14	elapsed_s	1.12
keepalive	both	router	14	req_per_s	286453
keepalive	both	router	14	p50_us	205
keepalive	both	router	14	p90_us	336
keepalive	both	router	14	p99_us	547
keepalive	both	router	14	max_us	1928
keepalive	main	router	15	done	320000
keepalive	main	router	15	failed	0
keepalive	main	router	15	elapsed_s	1.22
keepalive	main	router	15	req_per_s	262654
keepalive	main	router	15	p50_us	223
keepalive	main	router	15	p90_us	345
keepalive	main	router	15	p99_us	577
keepalive	main	router	15	max_us	6474
keepalive	3915	router	15	done	320000
keepalive	3915	router	15	failed	0
keepalive	3915	router	15	elapsed_s	1.10
keepalive	3915	router	15	req_per_s	291215
keepalive	3915	router	15	p50_us	205
keepalive	3915	router	15	p90_us	320
keepalive	3915	router	15	p99_us	539
keepalive	3915	router	15	max_us	1709
keepalive	fork	router	15	done	320000
keepalive	fork	router	15	failed	0
keepalive	fork	router	15	elapsed_s	1.24
keepalive	fork	router	15	req_per_s	258818
keepalive	fork	router	15	p50_us	228
keepalive	fork	router	15	p90_us	378
keepalive	fork	router	15	p99_us	582
keepalive	fork	router	15	max_us	5508
keepalive	both	router	15	done	320000
keepalive	both	router	15	failed	0
keepalive	both	router	15	elapsed_s	1.21
keepalive	both	router	15	req_per_s	264716
keepalive	both	router	15	p50_us	216
keepalive	both	router	15	p90_us	380
keepalive	both	router	15	p99_us	637
keepalive	both	router	15	max_us	4739
