held	main	router	1	rss_before_kb	3904
held	main	router	1	rss_held_kb	312608
held	main	router	1	kb_per_conn	308
held	main	router	1	rss_after_close_kb	312624
held	main	make-service	1	rss_before_kb	3904
held	main	make-service	1	rss_held_kb	31536
held	main	make-service	1	kb_per_conn	27
held	main	make-service	1	rss_after_close_kb	31568
held	fork	router	1	rss_before_kb	3888
held	fork	router	1	rss_held_kb	31520
held	fork	router	1	kb_per_conn	27
held	fork	router	1	rss_after_close_kb	31536
held	fork	make-service	1	rss_before_kb	3888
held	fork	make-service	1	rss_held_kb	31536
held	fork	make-service	1	kb_per_conn	27
held	fork	make-service	1	rss_after_close_kb	31552
held	main	router	2	rss_before_kb	3888
held	main	router	2	rss_held_kb	312544
held	main	router	2	kb_per_conn	308
held	main	router	2	rss_after_close_kb	312592
held	main	make-service	2	rss_before_kb	3904
held	main	make-service	2	rss_held_kb	31552
held	main	make-service	2	kb_per_conn	27
held	main	make-service	2	rss_after_close_kb	31568
held	fork	router	2	rss_before_kb	3904
held	fork	router	2	rss_held_kb	31520
held	fork	router	2	kb_per_conn	27
held	fork	router	2	rss_after_close_kb	31552
held	fork	make-service	2	rss_before_kb	3888
held	fork	make-service	2	rss_held_kb	31536
held	fork	make-service	2	kb_per_conn	27
held	fork	make-service	2	rss_after_close_kb	31552
held	main	router	3	rss_before_kb	3904
held	main	router	3	rss_held_kb	312592
held	main	router	3	kb_per_conn	308
held	main	router	3	rss_after_close_kb	312592
held	main	make-service	3	rss_before_kb	3904
held	main	make-service	3	rss_held_kb	31536
held	main	make-service	3	kb_per_conn	27
held	main	make-service	3	rss_after_close_kb	31552
held	fork	router	3	rss_before_kb	3920
held	fork	router	3	rss_held_kb	31552
held	fork	router	3	kb_per_conn	27
held	fork	router	3	rss_after_close_kb	31568
held	fork	make-service	3	rss_before_kb	3904
held	fork	make-service	3	rss_held_kb	31536
held	fork	make-service	3	kb_per_conn	27
held	fork	make-service	3	rss_after_close_kb	31552
sse	main	router	1	rss_before_kb	3888
sse	main	router	1	rss_during_kb	158448
sse	main	router	1	rss_after_kb	156672
sse	main	router	1	kb_per_stream	309
sse	main	router	1	open	500
sse	main	router	1	events	15064
sse	main	router	1	failed	0
sse	main	router	1	elapsed_s	31.3
sse	main	make-service	1	rss_before_kb	3904
sse	main	make-service	1	rss_during_kb	17936
sse	main	make-service	1	rss_after_kb	17936
sse	main	make-service	1	kb_per_stream	28
sse	main	make-service	1	open	500
sse	main	make-service	1	events	15046
sse	main	make-service	1	failed	0
sse	main	make-service	1	elapsed_s	31.1
sse	fork	router	1	rss_before_kb	3904
sse	fork	router	1	rss_during_kb	17936
sse	fork	router	1	rss_after_kb	17936
sse	fork	router	1	kb_per_stream	28
sse	fork	router	1	open	500
sse	fork	router	1	events	15136
sse	fork	router	1	failed	0
sse	fork	router	1	elapsed_s	30.0
sse	fork	make-service	1	rss_before_kb	3904
sse	fork	make-service	1	rss_during_kb	17936
sse	fork	make-service	1	rss_after_kb	17936
sse	fork	make-service	1	kb_per_stream	28
sse	fork	make-service	1	open	500
sse	fork	make-service	1	events	15095
sse	fork	make-service	1	failed	0
sse	fork	make-service	1	elapsed_s	31.0
sse	main	router	2	rss_before_kb	3888
sse	main	router	2	rss_during_kb	158432
sse	main	router	2	rss_after_kb	119488
sse	main	router	2	kb_per_stream	309
sse	main	router	2	open	500
sse	main	router	2	events	15091
sse	main	router	2	failed	0
sse	main	router	2	elapsed_s	31.3
sse	main	make-service	2	rss_before_kb	3920
sse	main	make-service	2	rss_during_kb	17952
sse	main	make-service	2	rss_after_kb	17952
sse	main	make-service	2	kb_per_stream	28
sse	main	make-service	2	open	500
sse	main	make-service	2	events	15191
sse	main	make-service	2	failed	0
sse	main	make-service	2	elapsed_s	30.1
sse	fork	router	2	rss_before_kb	3904
sse	fork	router	2	rss_during_kb	17936
sse	fork	router	2	rss_after_kb	17936
sse	fork	router	2	kb_per_stream	28
sse	fork	router	2	open	500
sse	fork	router	2	events	15146
sse	fork	router	2	failed	0
sse	fork	router	2	elapsed_s	31.1
sse	fork	make-service	2	rss_before_kb	3888
sse	fork	make-service	2	rss_during_kb	17920
sse	fork	make-service	2	rss_after_kb	17920
sse	fork	make-service	2	kb_per_stream	28
sse	fork	make-service	2	open	500
sse	fork	make-service	2	events	15128
sse	fork	make-service	2	failed	0
sse	fork	make-service	2	elapsed_s	30.0
sse	main	router	3	rss_before_kb	3888
sse	main	router	3	rss_during_kb	158432
sse	main	router	3	rss_after_kb	158432
sse	main	router	3	kb_per_stream	309
sse	main	router	3	open	500
sse	main	router	3	events	15055
sse	main	router	3	failed	0
sse	main	router	3	elapsed_s	31.3
sse	main	make-service	3	rss_before_kb	3904
sse	main	make-service	3	rss_during_kb	17952
sse	main	make-service	3	rss_after_kb	17952
sse	main	make-service	3	kb_per_stream	28
sse	main	make-service	3	open	500
sse	main	make-service	3	events	15070
sse	main	make-service	3	failed	0
sse	main	make-service	3	elapsed_s	30.0
sse	fork	router	3	rss_before_kb	3888
sse	fork	router	3	rss_during_kb	17904
sse	fork	router	3	rss_after_kb	17904
sse	fork	router	3	kb_per_stream	28
sse	fork	router	3	open	500
sse	fork	router	3	events	15062
sse	fork	router	3	failed	0
sse	fork	router	3	elapsed_s	31.0
sse	fork	make-service	3	rss_before_kb	3904
sse	fork	make-service	3	rss_during_kb	17936
sse	fork	make-service	3	rss_after_kb	17936
sse	fork	make-service	3	kb_per_stream	28
sse	fork	make-service	3	open	500
sse	fork	make-service	3	events	15217
sse	fork	make-service	3	failed	0
sse	fork	make-service	3	elapsed_s	30.1
churn	main	router	1	rss_before_kb	3888
churn	main	router	1	rss_after_kb	8304
churn	main	router	1	rss_delta_kb	4416
churn	main	router	1	done	49920
churn	main	router	1	failed	0
churn	main	router	1	elapsed_s	84.96
churn	main	router	1	conn_per_s	588
churn	main	router	1	p50_us	214600
churn	main	router	1	p90_us	259791
churn	main	router	1	p99_us	322327
churn	main	router	1	max_us	393608
churn	main	make-service	1	rss_before_kb	3904
churn	main	make-service	1	rss_after_kb	4560
churn	main	make-service	1	rss_delta_kb	656
churn	main	make-service	1	done	49920
churn	main	make-service	1	failed	0
churn	main	make-service	1	elapsed_s	0.96
churn	main	make-service	1	conn_per_s	51909
churn	main	make-service	1	p50_us	2425
churn	main	make-service	1	p90_us	3259
churn	main	make-service	1	p99_us	4176
churn	main	make-service	1	max_us	8597
churn	fork	router	1	rss_before_kb	3888
churn	fork	router	1	rss_after_kb	4512
churn	fork	router	1	rss_delta_kb	624
churn	fork	router	1	done	49920
churn	fork	router	1	failed	0
churn	fork	router	1	elapsed_s	0.97
churn	fork	router	1	conn_per_s	51563
churn	fork	router	1	p50_us	2426
churn	fork	router	1	p90_us	3308
churn	fork	router	1	p99_us	4434
churn	fork	router	1	max_us	8988
churn	fork	make-service	1	rss_before_kb	3904
churn	fork	make-service	1	rss_after_kb	4544
churn	fork	make-service	1	rss_delta_kb	640
churn	fork	make-service	1	done	49920
churn	fork	make-service	1	failed	0
churn	fork	make-service	1	elapsed_s	0.95
churn	fork	make-service	1	conn_per_s	52687
churn	fork	make-service	1	p50_us	2394
churn	fork	make-service	1	p90_us	3202
churn	fork	make-service	1	p99_us	4036
churn	fork	make-service	1	max_us	6136
churn	main	router	2	rss_before_kb	3904
churn	main	router	2	rss_after_kb	9344
churn	main	router	2	rss_delta_kb	5440
churn	main	router	2	done	49920
churn	main	router	2	failed	0
churn	main	router	2	elapsed_s	85.68
churn	main	router	2	conn_per_s	583
churn	main	router	2	p50_us	215040
churn	main	router	2	p90_us	267323
churn	main	router	2	p99_us	347974
churn	main	router	2	max_us	440729
churn	main	make-service	2	rss_before_kb	3904
churn	main	make-service	2	rss_after_kb	4576
churn	main	make-service	2	rss_delta_kb	672
churn	main	make-service	2	done	49920
churn	main	make-service	2	failed	0
churn	main	make-service	2	elapsed_s	0.95
churn	main	make-service	2	conn_per_s	52645
churn	main	make-service	2	p50_us	2403
churn	main	make-service	2	p90_us	3200
churn	main	make-service	2	p99_us	3982
churn	main	make-service	2	max_us	6408
churn	fork	router	2	rss_before_kb	3904
churn	fork	router	2	rss_after_kb	4528
churn	fork	router	2	rss_delta_kb	624
churn	fork	router	2	done	49920
churn	fork	router	2	failed	0
churn	fork	router	2	elapsed_s	0.95
churn	fork	router	2	conn_per_s	52604
churn	fork	router	2	p50_us	2411
churn	fork	router	2	p90_us	3194
churn	fork	router	2	p99_us	3922
churn	fork	router	2	max_us	5119
churn	fork	make-service	2	rss_before_kb	3888
churn	fork	make-service	2	rss_after_kb	4512
churn	fork	make-service	2	rss_delta_kb	624
churn	fork	make-service	2	done	49920
churn	fork	make-service	2	failed	0
churn	fork	make-service	2	elapsed_s	0.95
churn	fork	make-service	2	conn_per_s	52464
churn	fork	make-service	2	p50_us	2408
churn	fork	make-service	2	p90_us	3212
churn	fork	make-service	2	p99_us	3986
churn	fork	make-service	2	max_us	6659
churn	main	router	3	rss_before_kb	3904
churn	main	router	3	rss_after_kb	8288
churn	main	router	3	rss_delta_kb	4384
churn	main	router	3	done	49920
churn	main	router	3	failed	0
churn	main	router	3	elapsed_s	84.55
churn	main	router	3	conn_per_s	590
churn	main	router	3	p50_us	214430
churn	main	router	3	p90_us	256166
churn	main	router	3	p99_us	320294
churn	main	router	3	max_us	435603
churn	main	make-service	3	rss_before_kb	3920
churn	main	make-service	3	rss_after_kb	4560
churn	main	make-service	3	rss_delta_kb	640
churn	main	make-service	3	done	49920
churn	main	make-service	3	failed	0
churn	main	make-service	3	elapsed_s	0.98
churn	main	make-service	3	conn_per_s	51141
churn	main	make-service	3	p50_us	2427
churn	main	make-service	3	p90_us	3278
churn	main	make-service	3	p99_us	5207
churn	main	make-service	3	max_us	10071
churn	fork	router	3	rss_before_kb	3904
churn	fork	router	3	rss_after_kb	4528
churn	fork	router	3	rss_delta_kb	624
churn	fork	router	3	done	49920
churn	fork	router	3	failed	0
churn	fork	router	3	elapsed_s	0.95
churn	fork	router	3	conn_per_s	52748
churn	fork	router	3	p50_us	2396
churn	fork	router	3	p90_us	3187
churn	fork	router	3	p99_us	4019
churn	fork	router	3	max_us	6551
churn	fork	make-service	3	rss_before_kb	3888
churn	fork	make-service	3	rss_after_kb	4544
churn	fork	make-service	3	rss_delta_kb	656
churn	fork	make-service	3	done	49920
churn	fork	make-service	3	failed	0
churn	fork	make-service	3	elapsed_s	0.96
churn	fork	make-service	3	conn_per_s	52045
churn	fork	make-service	3	p50_us	2415
churn	fork	make-service	3	p90_us	3249
churn	fork	make-service	3	p99_us	4295
churn	fork	make-service	3	max_us	8418
keepalive	main	router	1	done	320000
keepalive	main	router	1	failed	0
keepalive	main	router	1	elapsed_s	1.19
keepalive	main	router	1	req_per_s	269667
keepalive	main	router	1	p50_us	222
keepalive	main	router	1	p90_us	334
keepalive	main	router	1	p99_us	532
keepalive	main	router	1	max_us	10822
keepalive	main	make-service	1	done	320000
keepalive	main	make-service	1	failed	0
keepalive	main	make-service	1	elapsed_s	1.13
keepalive	main	make-service	1	req_per_s	281943
keepalive	main	make-service	1	p50_us	219
keepalive	main	make-service	1	p90_us	326
keepalive	main	make-service	1	p99_us	482
keepalive	main	make-service	1	max_us	1634
keepalive	fork	router	1	done	320000
keepalive	fork	router	1	failed	0
keepalive	fork	router	1	elapsed_s	1.26
keepalive	fork	router	1	req_per_s	254974
keepalive	fork	router	1	p50_us	229
keepalive	fork	router	1	p90_us	382
keepalive	fork	router	1	p99_us	628
keepalive	fork	router	1	max_us	6985
keepalive	fork	make-service	1	done	320000
keepalive	fork	make-service	1	failed	0
keepalive	fork	make-service	1	elapsed_s	1.15
keepalive	fork	make-service	1	req_per_s	277921
keepalive	fork	make-service	1	p50_us	221
keepalive	fork	make-service	1	p90_us	329
keepalive	fork	make-service	1	p99_us	506
keepalive	fork	make-service	1	max_us	2169
keepalive	main	router	2	done	320000
keepalive	main	router	2	failed	0
keepalive	main	router	2	elapsed_s	1.17
keepalive	main	router	2	req_per_s	274301
keepalive	main	router	2	p50_us	219
keepalive	main	router	2	p90_us	326
keepalive	main	router	2	p99_us	507
keepalive	main	router	2	max_us	8170
keepalive	main	make-service	2	done	320000
keepalive	main	make-service	2	failed	0
keepalive	main	make-service	2	elapsed_s	1.15
keepalive	main	make-service	2	req_per_s	278214
keepalive	main	make-service	2	p50_us	220
keepalive	main	make-service	2	p90_us	332
keepalive	main	make-service	2	p99_us	520
keepalive	main	make-service	2	max_us	3470
keepalive	fork	router	2	done	320000
keepalive	fork	router	2	failed	0
keepalive	fork	router	2	elapsed_s	1.12
keepalive	fork	router	2	req_per_s	285956
keepalive	fork	router	2	p50_us	215
keepalive	fork	router	2	p90_us	318
keepalive	fork	router	2	p99_us	480
keepalive	fork	router	2	max_us	5838
keepalive	fork	make-service	2	done	320000
keepalive	fork	make-service	2	failed	0
keepalive	fork	make-service	2	elapsed_s	1.14
keepalive	fork	make-service	2	req_per_s	280149
keepalive	fork	make-service	2	p50_us	217
keepalive	fork	make-service	2	p90_us	327
keepalive	fork	make-service	2	p99_us	538
keepalive	fork	make-service	2	max_us	3361
keepalive	main	router	3	done	320000
keepalive	main	router	3	failed	0
keepalive	main	router	3	elapsed_s	1.17
keepalive	main	router	3	req_per_s	274470
keepalive	main	router	3	p50_us	219
keepalive	main	router	3	p90_us	327
keepalive	main	router	3	p99_us	522
keepalive	main	router	3	max_us	10113
keepalive	main	make-service	3	done	320000
keepalive	main	make-service	3	failed	0
keepalive	main	make-service	3	elapsed_s	1.13
keepalive	main	make-service	3	req_per_s	282340
keepalive	main	make-service	3	p50_us	218
keepalive	main	make-service	3	p90_us	323
keepalive	main	make-service	3	p99_us	508
keepalive	main	make-service	3	max_us	3321
keepalive	fork	router	3	done	320000
keepalive	fork	router	3	failed	0
keepalive	fork	router	3	elapsed_s	1.13
keepalive	fork	router	3	req_per_s	282649
keepalive	fork	router	3	p50_us	217
keepalive	fork	router	3	p90_us	321
keepalive	fork	router	3	p99_us	487
keepalive	fork	router	3	max_us	3979
keepalive	fork	make-service	3	done	320000
keepalive	fork	make-service	3	failed	0
keepalive	fork	make-service	3	elapsed_s	1.13
keepalive	fork	make-service	3	req_per_s	283003
keepalive	fork	make-service	3	p50_us	219
keepalive	fork	make-service	3	p90_us	324
keepalive	fork	make-service	3	p99_us	459
keepalive	fork	make-service	3	max_us	754
connect	main	router	1	done	20000
connect	main	router	1	failed	0
connect	main	router	1	elapsed_s	33.86
connect	main	router	1	conn_per_s	591
connect	main	router	1	p50_us	26227
connect	main	router	1	p90_us	40458
connect	main	router	1	p99_us	48854
connect	main	router	1	max_us	61000
connect	main	make-service	1	done	20000
connect	main	make-service	1	failed	0
connect	main	make-service	1	elapsed_s	0.42
connect	main	make-service	1	conn_per_s	47484
connect	main	make-service	1	p50_us	311
connect	main	make-service	1	p90_us	434
connect	main	make-service	1	p99_us	818
connect	main	make-service	1	max_us	3426
connect	fork	router	1	done	20000
connect	fork	router	1	failed	0
connect	fork	router	1	elapsed_s	0.44
connect	fork	router	1	conn_per_s	45350
connect	fork	router	1	p50_us	319
connect	fork	router	1	p90_us	480
connect	fork	router	1	p99_us	1148
connect	fork	router	1	max_us	2403
connect	fork	make-service	1	done	20000
connect	fork	make-service	1	failed	0
connect	fork	make-service	1	elapsed_s	0.43
connect	fork	make-service	1	conn_per_s	46970
connect	fork	make-service	1	p50_us	313
connect	fork	make-service	1	p90_us	438
connect	fork	make-service	1	p99_us	1125
connect	fork	make-service	1	max_us	3359
connect	main	router	2	done	20000
connect	main	router	2	failed	0
connect	main	router	2	elapsed_s	34.79
connect	main	router	2	conn_per_s	575
connect	main	router	2	p50_us	27056
connect	main	router	2	p90_us	40812
connect	main	router	2	p99_us	51112
connect	main	router	2	max_us	59804
connect	main	make-service	2	done	20000
connect	main	make-service	2	failed	0
connect	main	make-service	2	elapsed_s	0.42
connect	main	make-service	2	conn_per_s	47331
connect	main	make-service	2	p50_us	319
connect	main	make-service	2	p90_us	449
connect	main	make-service	2	p99_us	848
connect	main	make-service	2	max_us	2236
connect	fork	router	2	done	20000
connect	fork	router	2	failed	0
connect	fork	router	2	elapsed_s	0.38
connect	fork	router	2	conn_per_s	52186
connect	fork	router	2	p50_us	300
connect	fork	router	2	p90_us	398
connect	fork	router	2	p99_us	489
connect	fork	router	2	max_us	1111
connect	fork	make-service	2	done	20000
connect	fork	make-service	2	failed	0
connect	fork	make-service	2	elapsed_s	0.41
connect	fork	make-service	2	conn_per_s	48884
connect	fork	make-service	2	p50_us	308
connect	fork	make-service	2	p90_us	422
connect	fork	make-service	2	p99_us	677
connect	fork	make-service	2	max_us	3700
connect	main	router	3	done	20000
connect	main	router	3	failed	0
connect	main	router	3	elapsed_s	35.20
connect	main	router	3	conn_per_s	568
connect	main	router	3	p50_us	27312
connect	main	router	3	p90_us	41336
connect	main	router	3	p99_us	52525
connect	main	router	3	max_us	62058
connect	main	make-service	3	done	20000
connect	main	make-service	3	failed	0
connect	main	make-service	3	elapsed_s	0.41
connect	main	make-service	3	conn_per_s	48793
connect	main	make-service	3	p50_us	309
connect	main	make-service	3	p90_us	433
connect	main	make-service	3	p99_us	765
connect	main	make-service	3	max_us	1875
connect	fork	router	3	done	20000
connect	fork	router	3	failed	0
connect	fork	router	3	elapsed_s	0.44
connect	fork	router	3	conn_per_s	45597
connect	fork	router	3	p50_us	317
connect	fork	router	3	p90_us	462
connect	fork	router	3	p99_us	1092
connect	fork	router	3	max_us	5474
connect	fork	make-service	3	done	20000
connect	fork	make-service	3	failed	0
connect	fork	make-service	3	elapsed_s	0.44
connect	fork	make-service	3	conn_per_s	45778
connect	fork	make-service	3	p50_us	316
connect	fork	make-service	3	p90_us	471
connect	fork	make-service	3	p99_us	888
connect	fork	make-service	3	max_us	4686
burst	main	router	1	done	1000
burst	main	router	1	failed	0
burst	main	router	1	all_answered_ms	4288.0
burst	main	router	1	p50_us	1383798
burst	main	router	1	p90_us	2828119
burst	main	router	1	p99_us	4233091
burst	main	router	1	max_us	4263479
burst	main	make-service	1	done	1000
burst	main	make-service	1	failed	0
burst	main	make-service	1	all_answered_ms	1048.9
burst	main	make-service	1	p50_us	26819
burst	main	make-service	1	p90_us	41125
burst	main	make-service	1	p99_us	1016704
burst	main	make-service	1	max_us	1017700
burst	fork	router	1	done	1000
burst	fork	router	1	failed	0
burst	fork	router	1	all_answered_ms	46.0
burst	fork	router	1	p50_us	18529
burst	fork	router	1	p90_us	33984
burst	fork	router	1	p99_us	38185
burst	fork	router	1	max_us	39779
burst	fork	make-service	1	done	1000
burst	fork	make-service	1	failed	0
burst	fork	make-service	1	all_answered_ms	1810.2
burst	fork	make-service	1	p50_us	34990
burst	fork	make-service	1	p90_us	1245695
burst	fork	make-service	1	p99_us	1776424
burst	fork	make-service	1	max_us	1807568
burst	main	router	2	done	1000
burst	main	router	2	failed	0
burst	main	router	2	all_answered_ms	4289.2
burst	main	router	2	p50_us	1294860
burst	main	router	2	p90_us	2503635
burst	main	router	2	p99_us	4252913
burst	main	router	2	max_us	4261786
burst	main	make-service	2	done	1000
burst	main	make-service	2	failed	0
burst	main	make-service	2	all_answered_ms	44.8
burst	main	make-service	2	p50_us	17921
burst	main	make-service	2	p90_us	31684
burst	main	make-service	2	p99_us	34895
burst	main	make-service	2	max_us	35309
burst	fork	router	2	done	1000
burst	fork	router	2	failed	0
burst	fork	router	2	all_answered_ms	49.2
burst	fork	router	2	p50_us	20656
burst	fork	router	2	p90_us	37809
burst	fork	router	2	p99_us	43305
burst	fork	router	2	max_us	43722
burst	fork	make-service	2	done	1000
burst	fork	make-service	2	failed	0
burst	fork	make-service	2	all_answered_ms	36.9
burst	fork	make-service	2	p50_us	13537
burst	fork	make-service	2	p90_us	29934
burst	fork	make-service	2	p99_us	34602
burst	fork	make-service	2	max_us	35188
burst	main	router	3	done	1000
burst	main	router	3	failed	0
burst	main	router	3	all_answered_ms	3157.3
burst	main	router	3	p50_us	1510402
burst	main	router	3	p90_us	2890969
burst	main	router	3	p99_us	3108845
burst	main	router	3	max_us	3139417
burst	main	make-service	3	done	1000
burst	main	make-service	3	failed	0
burst	main	make-service	3	all_answered_ms	1082.5
burst	main	make-service	3	p50_us	24042
burst	main	make-service	3	p90_us	1049400
burst	main	make-service	3	p99_us	1051418
burst	main	make-service	3	max_us	1051938
burst	fork	router	3	done	1000
burst	fork	router	3	failed	0
burst	fork	router	3	all_answered_ms	40.1
burst	fork	router	3	p50_us	15941
burst	fork	router	3	p90_us	29779
burst	fork	router	3	p99_us	34637
burst	fork	router	3	max_us	35000
burst	fork	make-service	3	done	1000
burst	fork	make-service	3	failed	0
burst	fork	make-service	3	all_answered_ms	1070.2
burst	fork	make-service	3	p50_us	23402
burst	fork	make-service	3	p90_us	1044239
burst	fork	make-service	3	p99_us	1047775
burst	fork	make-service	3	max_us	1048037
first	main	router	1	stateful_connect_us	135
first	main	router	1	stateful_first_us	917
first	main	router	1	stateful_second_us	146
first	main	router	1	stateful_newconn_us	859
first	main	router	1	stateless_connect_us	189
first	main	router	1	stateless_first_us	661
first	main	router	1	stateless_second_us	111
first	main	router	1	stateless_newconn_us	429
first	main	make-service	1	stateful_connect_us	121
first	main	make-service	1	stateful_first_us	251
first	main	make-service	1	stateful_second_us	167
first	main	make-service	1	stateful_newconn_us	2175
first	main	make-service	1	stateless_connect_us	153
first	main	make-service	1	stateless_first_us	316
first	main	make-service	1	stateless_second_us	208
first	main	make-service	1	stateless_newconn_us	203
first	fork	router	1	stateful_connect_us	160
first	fork	router	1	stateful_first_us	303
first	fork	router	1	stateful_second_us	69
first	fork	router	1	stateful_newconn_us	129
first	fork	router	1	stateless_connect_us	474
first	fork	router	1	stateless_first_us	668
first	fork	router	1	stateless_second_us	65
first	fork	router	1	stateless_newconn_us	567
first	fork	make-service	1	stateful_connect_us	160
first	fork	make-service	1	stateful_first_us	320
first	fork	make-service	1	stateful_second_us	52
first	fork	make-service	1	stateful_newconn_us	227
first	fork	make-service	1	stateless_connect_us	134
first	fork	make-service	1	stateless_first_us	289
first	fork	make-service	1	stateless_second_us	1510
first	fork	make-service	1	stateless_newconn_us	193
first	main	router	2	stateful_connect_us	177
first	main	router	2	stateful_first_us	584
first	main	router	2	stateful_second_us	138
first	main	router	2	stateful_newconn_us	360
first	main	router	2	stateless_connect_us	154
first	main	router	2	stateless_first_us	476
first	main	router	2	stateless_second_us	71
first	main	router	2	stateless_newconn_us	427
first	main	make-service	2	stateful_connect_us	110
first	main	make-service	2	stateful_first_us	288
first	main	make-service	2	stateful_second_us	71
first	main	make-service	2	stateful_newconn_us	118
first	main	make-service	2	stateless_connect_us	134
first	main	make-service	2	stateless_first_us	284
first	main	make-service	2	stateless_second_us	70
first	main	make-service	2	stateless_newconn_us	150
first	fork	router	2	stateful_connect_us	152
first	fork	router	2	stateful_first_us	890
first	fork	router	2	stateful_second_us	140
first	fork	router	2	stateful_newconn_us	221
first	fork	router	2	stateless_connect_us	175
first	fork	router	2	stateless_first_us	1192
first	fork	router	2	stateless_second_us	173
first	fork	router	2	stateless_newconn_us	179
first	fork	make-service	2	stateful_connect_us	169
first	fork	make-service	2	stateful_first_us	468
first	fork	make-service	2	stateful_second_us	349
first	fork	make-service	2	stateful_newconn_us	421
first	fork	make-service	2	stateless_connect_us	126
first	fork	make-service	2	stateless_first_us	238
first	fork	make-service	2	stateless_second_us	91
first	fork	make-service	2	stateless_newconn_us	173
first	main	router	3	stateful_connect_us	899
first	main	router	3	stateful_first_us	1151
first	main	router	3	stateful_second_us	155
first	main	router	3	stateful_newconn_us	432
first	main	router	3	stateless_connect_us	147
first	main	router	3	stateless_first_us	410
first	main	router	3	stateless_second_us	1055
first	main	router	3	stateless_newconn_us	346
first	main	make-service	3	stateful_connect_us	171
first	main	make-service	3	stateful_first_us	427
first	main	make-service	3	stateful_second_us	124
first	main	make-service	3	stateful_newconn_us	220
first	main	make-service	3	stateless_connect_us	194
first	main	make-service	3	stateless_first_us	450
first	main	make-service	3	stateless_second_us	164
first	main	make-service	3	stateless_newconn_us	286
first	fork	router	3	stateful_connect_us	173
first	fork	router	3	stateful_first_us	425
first	fork	router	3	stateful_second_us	101
first	fork	router	3	stateful_newconn_us	183
first	fork	router	3	stateless_connect_us	215
first	fork	router	3	stateless_first_us	388
first	fork	router	3	stateless_second_us	186
first	fork	router	3	stateless_newconn_us	1139
first	fork	make-service	3	stateful_connect_us	108
first	fork	make-service	3	stateful_first_us	206
first	fork	make-service	3	stateful_second_us	54
first	fork	make-service	3	stateful_newconn_us	110
first	fork	make-service	3	stateless_connect_us	144
first	fork	make-service	3	stateless_first_us	377
first	fork	make-service	3	stateless_second_us	189
first	fork	make-service	3	stateless_newconn_us	107
