held	main	router	1	rss_before_kb	3968
held	main	router	1	rss_held_kb	312656
held	main	router	1	kb_per_conn	308
held	main	router	1	rss_after_close_kb	312656
held	3915	router	1	rss_before_kb	4160
held	3915	router	1	rss_held_kb	131136
held	3915	router	1	kb_per_conn	126
held	3915	router	1	rss_after_close_kb	131152
held	fork	router	1	rss_before_kb	3968
held	fork	router	1	rss_held_kb	31600
held	fork	router	1	kb_per_conn	27
held	fork	router	1	rss_after_close_kb	31616
held	both	router	1	rss_before_kb	4144
held	both	router	1	rss_held_kb	31792
held	both	router	1	kb_per_conn	27
held	both	router	1	rss_after_close_kb	31808
held	main	router	2	rss_before_kb	3968
held	main	router	2	rss_held_kb	312624
held	main	router	2	kb_per_conn	308
held	main	router	2	rss_after_close_kb	312656
held	3915	router	2	rss_before_kb	4144
held	3915	router	2	rss_held_kb	131120
held	3915	router	2	kb_per_conn	126
held	3915	router	2	rss_after_close_kb	131152
held	fork	router	2	rss_before_kb	3952
held	fork	router	2	rss_held_kb	31600
held	fork	router	2	kb_per_conn	27
held	fork	router	2	rss_after_close_kb	31616
held	both	router	2	rss_before_kb	4144
held	both	router	2	rss_held_kb	31792
held	both	router	2	kb_per_conn	27
held	both	router	2	rss_after_close_kb	31824
held	main	router	3	rss_before_kb	3968
held	main	router	3	rss_held_kb	312624
held	main	router	3	kb_per_conn	308
held	main	router	3	rss_after_close_kb	312656
held	3915	router	3	rss_before_kb	4128
held	3915	router	3	rss_held_kb	131120
held	3915	router	3	kb_per_conn	126
held	3915	router	3	rss_after_close_kb	131120
held	fork	router	3	rss_before_kb	3984
held	fork	router	3	rss_held_kb	31616
held	fork	router	3	kb_per_conn	27
held	fork	router	3	rss_after_close_kb	31632
held	both	router	3	rss_before_kb	4144
held	both	router	3	rss_held_kb	31760
held	both	router	3	kb_per_conn	27
held	both	router	3	rss_after_close_kb	31792
keepalive	main	router	1	done	320000
keepalive	main	router	1	failed	0
keepalive	main	router	1	elapsed_s	1.48
keepalive	main	router	1	req_per_s	216494
keepalive	main	router	1	p50_us	255
keepalive	main	router	1	p90_us	481
keepalive	main	router	1	p99_us	809
keepalive	main	router	1	max_us	7695
keepalive	3915	router	1	done	320000
keepalive	3915	router	1	failed	0
keepalive	3915	router	1	elapsed_s	1.34
keepalive	3915	router	1	req_per_s	238441
keepalive	3915	router	1	p50_us	234
keepalive	3915	router	1	p90_us	440
keepalive	3915	router	1	p99_us	666
keepalive	3915	router	1	max_us	6874
keepalive	fork	router	1	done	320000
keepalive	fork	router	1	failed	0
keepalive	fork	router	1	elapsed_s	1.36
keepalive	fork	router	1	req_per_s	234970
keepalive	fork	router	1	p50_us	242
keepalive	fork	router	1	p90_us	450
keepalive	fork	router	1	p99_us	665
keepalive	fork	router	1	max_us	3730
keepalive	both	router	1	done	320000
keepalive	both	router	1	failed	0
keepalive	both	router	1	elapsed_s	1.36
keepalive	both	router	1	req_per_s	236052
keepalive	both	router	1	p50_us	239
keepalive	both	router	1	p90_us	451
keepalive	both	router	1	p99_us	659
keepalive	both	router	1	max_us	1967
keepalive	main	router	2	done	320000
keepalive	main	router	2	failed	0
keepalive	main	router	2	elapsed_s	1.34
keepalive	main	router	2	req_per_s	239550
keepalive	main	router	2	p50_us	238
keepalive	main	router	2	p90_us	416
keepalive	main	router	2	p99_us	624
keepalive	main	router	2	max_us	7726
keepalive	3915	router	2	done	320000
keepalive	3915	router	2	failed	0
keepalive	3915	router	2	elapsed_s	1.27
keepalive	3915	router	2	req_per_s	252374
keepalive	3915	router	2	p50_us	228
keepalive	3915	router	2	p90_us	402
keepalive	3915	router	2	p99_us	607
keepalive	3915	router	2	max_us	1989
keepalive	fork	router	2	done	320000
keepalive	fork	router	2	failed	0
keepalive	fork	router	2	elapsed_s	1.40
keepalive	fork	router	2	req_per_s	227892
keepalive	fork	router	2	p50_us	251
keepalive	fork	router	2	p90_us	455
keepalive	fork	router	2	p99_us	664
keepalive	fork	router	2	max_us	6633
keepalive	both	router	2	done	320000
keepalive	both	router	2	failed	0
keepalive	both	router	2	elapsed_s	1.29
keepalive	both	router	2	req_per_s	248112
keepalive	both	router	2	p50_us	231
keepalive	both	router	2	p90_us	413
keepalive	both	router	2	p99_us	629
keepalive	both	router	2	max_us	3297
keepalive	main	router	3	done	320000
keepalive	main	router	3	failed	0
keepalive	main	router	3	elapsed_s	1.66
keepalive	main	router	3	req_per_s	193287
keepalive	main	router	3	p50_us	275
keepalive	main	router	3	p90_us	535
keepalive	main	router	3	p99_us	1067
keepalive	main	router	3	max_us	14952
keepalive	3915	router	3	done	320000
keepalive	3915	router	3	failed	0
keepalive	3915	router	3	elapsed_s	1.24
keepalive	3915	router	3	req_per_s	257226
keepalive	3915	router	3	p50_us	225
keepalive	3915	router	3	p90_us	390
keepalive	3915	router	3	p99_us	587
keepalive	3915	router	3	max_us	2052
keepalive	fork	router	3	done	320000
keepalive	fork	router	3	failed	0
keepalive	fork	router	3	elapsed_s	1.59
keepalive	fork	router	3	req_per_s	201530
keepalive	fork	router	3	p50_us	258
keepalive	fork	router	3	p90_us	506
keepalive	fork	router	3	p99_us	1348
keepalive	fork	router	3	max_us	17062
keepalive	both	router	3	done	320000
keepalive	both	router	3	failed	0
keepalive	both	router	3	elapsed_s	1.26
keepalive	both	router	3	req_per_s	253466
keepalive	both	router	3	p50_us	225
keepalive	both	router	3	p90_us	403
keepalive	both	router	3	p99_us	627
keepalive	both	router	3	max_us	4593
churn	main	router	1	rss_before_kb	3952
churn	main	router	1	rss_after_kb	19664
churn	main	router	1	rss_delta_kb	15712
churn	main	router	1	done	49920
churn	main	router	1	failed	0
churn	main	router	1	elapsed_s	77.69
churn	main	router	1	conn_per_s	643
churn	main	router	1	p50_us	200589
churn	main	router	1	p90_us	239527
churn	main	router	1	p99_us	281079
churn	main	router	1	max_us	333689
churn	3915	router	1	rss_before_kb	4128
churn	3915	router	1	rss_after_kb	17344
churn	3915	router	1	rss_delta_kb	13216
churn	3915	router	1	done	49920
churn	3915	router	1	failed	0
churn	3915	router	1	elapsed_s	7.50
churn	3915	router	1	conn_per_s	6654
churn	3915	router	1	p50_us	19028
churn	3915	router	1	p90_us	25276
churn	3915	router	1	p99_us	31092
churn	3915	router	1	max_us	36014
churn	fork	router	1	rss_before_kb	3968
churn	fork	router	1	rss_after_kb	4624
churn	fork	router	1	rss_delta_kb	656
churn	fork	router	1	done	49920
churn	fork	router	1	failed	0
churn	fork	router	1	elapsed_s	0.99
churn	fork	router	1	conn_per_s	50417
churn	fork	router	1	p50_us	2449
churn	fork	router	1	p90_us	3366
churn	fork	router	1	p99_us	5413
churn	fork	router	1	max_us	14175
churn	both	router	1	rss_before_kb	4144
churn	both	router	1	rss_after_kb	4784
churn	both	router	1	rss_delta_kb	640
churn	both	router	1	done	49920
churn	both	router	1	failed	0
churn	both	router	1	elapsed_s	0.97
churn	both	router	1	conn_per_s	51374
churn	both	router	1	p50_us	2436
churn	both	router	1	p90_us	3306
churn	both	router	1	p99_us	4498
churn	both	router	1	max_us	9143
churn	main	router	2	rss_before_kb	3968
churn	main	router	2	rss_after_kb	21216
churn	main	router	2	rss_delta_kb	17248
churn	main	router	2	done	49920
churn	main	router	2	failed	0
churn	main	router	2	elapsed_s	83.94
churn	main	router	2	conn_per_s	595
churn	main	router	2	p50_us	214266
churn	main	router	2	p90_us	256731
churn	main	router	2	p99_us	296761
churn	main	router	2	max_us	334470
churn	3915	router	2	rss_before_kb	4160
churn	3915	router	2	rss_after_kb	10640
churn	3915	router	2	rss_delta_kb	6480
churn	3915	router	2	done	49920
churn	3915	router	2	failed	0
churn	3915	router	2	elapsed_s	7.52
churn	3915	router	2	conn_per_s	6636
churn	3915	router	2	p50_us	18906
churn	3915	router	2	p90_us	25610
churn	3915	router	2	p99_us	33421
churn	3915	router	2	max_us	39848
churn	fork	router	2	rss_before_kb	3968
churn	fork	router	2	rss_after_kb	4592
churn	fork	router	2	rss_delta_kb	624
churn	fork	router	2	done	49920
churn	fork	router	2	failed	0
churn	fork	router	2	elapsed_s	0.95
churn	fork	router	2	conn_per_s	52570
churn	fork	router	2	p50_us	2402
churn	fork	router	2	p90_us	3206
churn	fork	router	2	p99_us	3968
churn	fork	router	2	max_us	5869
churn	both	router	2	rss_before_kb	4128
churn	both	router	2	rss_after_kb	4784
churn	both	router	2	rss_delta_kb	656
churn	both	router	2	done	49920
churn	both	router	2	failed	0
churn	both	router	2	elapsed_s	0.96
churn	both	router	2	conn_per_s	51912
churn	both	router	2	p50_us	2401
churn	both	router	2	p90_us	3279
churn	both	router	2	p99_us	4622
churn	both	router	2	max_us	9869
churn	main	router	3	rss_before_kb	3968
churn	main	router	3	rss_after_kb	11216
churn	main	router	3	rss_delta_kb	7248
churn	main	router	3	done	49920
churn	main	router	3	failed	0
churn	main	router	3	elapsed_s	70.26
churn	main	router	3	conn_per_s	710
churn	main	router	3	p50_us	179386
churn	main	router	3	p90_us	237668
churn	main	router	3	p99_us	301909
churn	main	router	3	max_us	387022
churn	3915	router	3	rss_before_kb	4144
churn	3915	router	3	rss_after_kb	13152
churn	3915	router	3	rss_delta_kb	9008
churn	3915	router	3	done	49920
churn	3915	router	3	failed	0
churn	3915	router	3	elapsed_s	7.25
churn	3915	router	3	conn_per_s	6888
churn	3915	router	3	p50_us	18047
churn	3915	router	3	p90_us	24435
churn	3915	router	3	p99_us	29796
churn	3915	router	3	max_us	33526
churn	fork	router	3	rss_before_kb	3968
churn	fork	router	3	rss_after_kb	4624
churn	fork	router	3	rss_delta_kb	656
churn	fork	router	3	done	49920
churn	fork	router	3	failed	0
churn	fork	router	3	elapsed_s	0.96
churn	fork	router	3	conn_per_s	51760
churn	fork	router	3	p50_us	2434
churn	fork	router	3	p90_us	3280
churn	fork	router	3	p99_us	4143
churn	fork	router	3	max_us	6769
churn	both	router	3	rss_before_kb	4144
churn	both	router	3	rss_after_kb	4784
churn	both	router	3	rss_delta_kb	640
churn	both	router	3	done	49920
churn	both	router	3	failed	0
churn	both	router	3	elapsed_s	0.96
churn	both	router	3	conn_per_s	51778
churn	both	router	3	p50_us	2430
churn	both	router	3	p90_us	3272
churn	both	router	3	p99_us	4251
churn	both	router	3	max_us	7970
held-stateless	main	router	1	rss_before_kb	3936
held-stateless	main	router	1	rss_held_kb	333472
held-stateless	main	router	1	kb_per_conn	329
held-stateless	main	router	1	rss_after_close_kb	333488
held-stateless	3915	router	1	rss_before_kb	4032
held-stateless	3915	router	1	rss_held_kb	378912
held-stateless	3915	router	1	kb_per_conn	374
held-stateless	3915	router	1	rss_after_close_kb	378912
held-stateless	fork	router	1	rss_before_kb	3936
held-stateless	fork	router	1	rss_held_kb	31600
held-stateless	fork	router	1	kb_per_conn	27
held-stateless	fork	router	1	rss_after_close_kb	31616
held-stateless	both	router	1	rss_before_kb	4032
held-stateless	both	router	1	rss_held_kb	31776
held-stateless	both	router	1	kb_per_conn	27
held-stateless	both	router	1	rss_after_close_kb	31776
held-stateless	main	router	2	rss_before_kb	3936
held-stateless	main	router	2	rss_held_kb	333456
held-stateless	main	router	2	kb_per_conn	329
held-stateless	main	router	2	rss_after_close_kb	333472
held-stateless	3915	router	2	rss_before_kb	4032
held-stateless	3915	router	2	rss_held_kb	378896
held-stateless	3915	router	2	kb_per_conn	374
held-stateless	3915	router	2	rss_after_close_kb	378912
held-stateless	fork	router	2	rss_before_kb	3936
held-stateless	fork	router	2	rss_held_kb	31584
held-stateless	fork	router	2	kb_per_conn	27
held-stateless	fork	router	2	rss_after_close_kb	31616
held-stateless	both	router	2	rss_before_kb	4032
held-stateless	both	router	2	rss_held_kb	31744
held-stateless	both	router	2	kb_per_conn	27
held-stateless	both	router	2	rss_after_close_kb	31776
held-stateless	main	router	3	rss_before_kb	3920
held-stateless	main	router	3	rss_held_kb	333440
held-stateless	main	router	3	kb_per_conn	329
held-stateless	main	router	3	rss_after_close_kb	333456
held-stateless	3915	router	3	rss_before_kb	4048
held-stateless	3915	router	3	rss_held_kb	378912
held-stateless	3915	router	3	kb_per_conn	374
held-stateless	3915	router	3	rss_after_close_kb	378928
held-stateless	fork	router	3	rss_before_kb	3936
held-stateless	fork	router	3	rss_held_kb	31616
held-stateless	fork	router	3	kb_per_conn	27
held-stateless	fork	router	3	rss_after_close_kb	31648
held-stateless	both	router	3	rss_before_kb	4032
held-stateless	both	router	3	rss_held_kb	31792
held-stateless	both	router	3	kb_per_conn	27
held-stateless	both	router	3	rss_after_close_kb	31792
keepalive-stateless	main	router	1	done	320000
keepalive-stateless	main	router	1	failed	0
keepalive-stateless	main	router	1	elapsed_s	1.06
keepalive-stateless	main	router	1	req_per_s	302631
keepalive-stateless	main	router	1	p50_us	197
keepalive-stateless	main	router	1	p90_us	290
keepalive-stateless	main	router	1	p99_us	483
keepalive-stateless	main	router	1	max_us	13898
keepalive-stateless	3915	router	1	done	320000
keepalive-stateless	3915	router	1	failed	0
keepalive-stateless	3915	router	1	elapsed_s	1.05
keepalive-stateless	3915	router	1	req_per_s	303771
keepalive-stateless	3915	router	1	p50_us	196
keepalive-stateless	3915	router	1	p90_us	289
keepalive-stateless	3915	router	1	p99_us	429
keepalive-stateless	3915	router	1	max_us	32514
keepalive-stateless	fork	router	1	done	320000
keepalive-stateless	fork	router	1	failed	0
keepalive-stateless	fork	router	1	elapsed_s	1.01
keepalive-stateless	fork	router	1	req_per_s	315932
keepalive-stateless	fork	router	1	p50_us	194
keepalive-stateless	fork	router	1	p90_us	287
keepalive-stateless	fork	router	1	p99_us	435
keepalive-stateless	fork	router	1	max_us	2575
keepalive-stateless	both	router	1	done	320000
keepalive-stateless	both	router	1	failed	0
keepalive-stateless	both	router	1	elapsed_s	1.01
keepalive-stateless	both	router	1	req_per_s	318207
keepalive-stateless	both	router	1	p50_us	194
keepalive-stateless	both	router	1	p90_us	285
keepalive-stateless	both	router	1	p99_us	418
keepalive-stateless	both	router	1	max_us	1467
keepalive-stateless	main	router	2	done	320000
keepalive-stateless	main	router	2	failed	0
keepalive-stateless	main	router	2	elapsed_s	1.06
keepalive-stateless	main	router	2	req_per_s	302829
keepalive-stateless	main	router	2	p50_us	195
keepalive-stateless	main	router	2	p90_us	289
keepalive-stateless	main	router	2	p99_us	479
keepalive-stateless	main	router	2	max_us	14171
keepalive-stateless	3915	router	2	done	320000
keepalive-stateless	3915	router	2	failed	0
keepalive-stateless	3915	router	2	elapsed_s	1.08
keepalive-stateless	3915	router	2	req_per_s	297090
keepalive-stateless	3915	router	2	p50_us	196
keepalive-stateless	3915	router	2	p90_us	293
keepalive-stateless	3915	router	2	p99_us	463
keepalive-stateless	3915	router	2	max_us	43471
keepalive-stateless	fork	router	2	done	320000
keepalive-stateless	fork	router	2	failed	0
keepalive-stateless	fork	router	2	elapsed_s	1.05
keepalive-stateless	fork	router	2	req_per_s	305776
keepalive-stateless	fork	router	2	p50_us	197
keepalive-stateless	fork	router	2	p90_us	301
keepalive-stateless	fork	router	2	p99_us	501
keepalive-stateless	fork	router	2	max_us	2873
keepalive-stateless	both	router	2	done	320000
keepalive-stateless	both	router	2	failed	0
keepalive-stateless	both	router	2	elapsed_s	1.00
keepalive-stateless	both	router	2	req_per_s	319151
keepalive-stateless	both	router	2	p50_us	194
keepalive-stateless	both	router	2	p90_us	283
keepalive-stateless	both	router	2	p99_us	409
keepalive-stateless	both	router	2	max_us	1094
keepalive-stateless	main	router	3	done	320000
keepalive-stateless	main	router	3	failed	0
keepalive-stateless	main	router	3	elapsed_s	1.04
keepalive-stateless	main	router	3	req_per_s	308774
keepalive-stateless	main	router	3	p50_us	193
keepalive-stateless	main	router	3	p90_us	286
keepalive-stateless	main	router	3	p99_us	435
keepalive-stateless	main	router	3	max_us	14503
keepalive-stateless	3915	router	3	done	320000
keepalive-stateless	3915	router	3	failed	0
keepalive-stateless	3915	router	3	elapsed_s	1.04
keepalive-stateless	3915	router	3	req_per_s	307009
keepalive-stateless	3915	router	3	p50_us	194
keepalive-stateless	3915	router	3	p90_us	284
keepalive-stateless	3915	router	3	p99_us	452
keepalive-stateless	3915	router	3	max_us	12258
keepalive-stateless	fork	router	3	done	320000
keepalive-stateless	fork	router	3	failed	0
keepalive-stateless	fork	router	3	elapsed_s	1.02
keepalive-stateless	fork	router	3	req_per_s	314863
keepalive-stateless	fork	router	3	p50_us	194
keepalive-stateless	fork	router	3	p90_us	287
keepalive-stateless	fork	router	3	p99_us	461
keepalive-stateless	fork	router	3	max_us	1234
keepalive-stateless	both	router	3	done	320000
keepalive-stateless	both	router	3	failed	0
keepalive-stateless	both	router	3	elapsed_s	1.03
keepalive-stateless	both	router	3	req_per_s	311683
keepalive-stateless	both	router	3	p50_us	196
keepalive-stateless	both	router	3	p90_us	292
keepalive-stateless	both	router	3	p99_us	477
keepalive-stateless	both	router	3	max_us	10036
