first	main	router	1	stateful_connect_us	136
first	main	router	1	stateful_first_us	344
first	main	router	1	stateful_second_us	127
first	main	router	1	stateful_newconn_us	267
first	main	router	1	stateless_connect_us	1144
first	main	router	1	stateless_first_us	1575
first	main	router	1	stateless_second_us	205
first	main	router	1	stateless_newconn_us	736
first	main	make-service	1	stateful_connect_us	187
first	main	make-service	1	stateful_first_us	2553
first	main	make-service	1	stateful_second_us	248
first	main	make-service	1	stateful_newconn_us	278
first	main	make-service	1	stateless_connect_us	262
first	main	make-service	1	stateless_first_us	399
first	main	make-service	1	stateless_second_us	49
first	main	make-service	1	stateless_newconn_us	174
first	fork	router	1	stateful_connect_us	138
first	fork	router	1	stateful_first_us	388
first	fork	router	1	stateful_second_us	57
first	fork	router	1	stateful_newconn_us	213
first	fork	router	1	stateless_connect_us	153
first	fork	router	1	stateless_first_us	409
first	fork	router	1	stateless_second_us	115
first	fork	router	1	stateless_newconn_us	262
first	fork	make-service	1	stateful_connect_us	209
first	fork	make-service	1	stateful_first_us	544
first	fork	make-service	1	stateful_second_us	136
first	fork	make-service	1	stateful_newconn_us	312
first	fork	make-service	1	stateless_connect_us	278
first	fork	make-service	1	stateless_first_us	738
first	fork	make-service	1	stateless_second_us	128
first	fork	make-service	1	stateless_newconn_us	312
first	main	router	2	stateful_connect_us	144
first	main	router	2	stateful_first_us	382
first	main	router	2	stateful_second_us	197
first	main	router	2	stateful_newconn_us	289
first	main	router	2	stateless_connect_us	379
first	main	router	2	stateless_first_us	3932
first	main	router	2	stateless_second_us	294
first	main	router	2	stateless_newconn_us	369
first	main	make-service	2	stateful_connect_us	152
first	main	make-service	2	stateful_first_us	1163
first	main	make-service	2	stateful_second_us	66
first	main	make-service	2	stateful_newconn_us	162
first	main	make-service	2	stateless_connect_us	211
first	main	make-service	2	stateless_first_us	1466
first	main	make-service	2	stateless_second_us	2301
first	main	make-service	2	stateless_newconn_us	956
first	fork	router	2	stateful_connect_us	165
first	fork	router	2	stateful_first_us	341
first	fork	router	2	stateful_second_us	46
first	fork	router	2	stateful_newconn_us	258
first	fork	router	2	stateless_connect_us	180
first	fork	router	2	stateless_first_us	459
first	fork	router	2	stateless_second_us	69
first	fork	router	2	stateless_newconn_us	193
first	fork	make-service	2	stateful_connect_us	179
first	fork	make-service	2	stateful_first_us	398
first	fork	make-service	2	stateful_second_us	173
first	fork	make-service	2	stateful_newconn_us	230
first	fork	make-service	2	stateless_connect_us	155
first	fork	make-service	2	stateless_first_us	367
first	fork	make-service	2	stateless_second_us	178
first	fork	make-service	2	stateless_newconn_us	679
first	main	router	3	stateful_connect_us	207
first	main	router	3	stateful_first_us	496
first	main	router	3	stateful_second_us	176
first	main	router	3	stateful_newconn_us	412
first	main	router	3	stateless_connect_us	213
first	main	router	3	stateless_first_us	829
first	main	router	3	stateless_second_us	107
first	main	router	3	stateless_newconn_us	573
first	main	make-service	3	stateful_connect_us	194
first	main	make-service	3	stateful_first_us	420
first	main	make-service	3	stateful_second_us	90
first	main	make-service	3	stateful_newconn_us	255
first	main	make-service	3	stateless_connect_us	138
first	main	make-service	3	stateless_first_us	265
first	main	make-service	3	stateless_second_us	97
first	main	make-service	3	stateless_newconn_us	320
first	fork	router	3	stateful_connect_us	151
first	fork	router	3	stateful_first_us	281
first	fork	router	3	stateful_second_us	120
first	fork	router	3	stateful_newconn_us	145
first	fork	router	3	stateless_connect_us	141
first	fork	router	3	stateless_first_us	1768
first	fork	router	3	stateless_second_us	201
first	fork	router	3	stateless_newconn_us	491
first	fork	make-service	3	stateful_connect_us	122
first	fork	make-service	3	stateful_first_us	315
first	fork	make-service	3	stateful_second_us	106
first	fork	make-service	3	stateful_newconn_us	189
first	fork	make-service	3	stateless_connect_us	187
first	fork	make-service	3	stateless_first_us	767
first	fork	make-service	3	stateless_second_us	178
first	fork	make-service	3	stateless_newconn_us	229
first	main	router	4	stateful_connect_us	10222
first	main	router	4	stateful_first_us	10421
first	main	router	4	stateful_second_us	91
first	main	router	4	stateful_newconn_us	467
first	main	router	4	stateless_connect_us	161
first	main	router	4	stateless_first_us	793
first	main	router	4	stateless_second_us	428
first	main	router	4	stateless_newconn_us	828
first	main	make-service	4	stateful_connect_us	116
first	main	make-service	4	stateful_first_us	277
first	main	make-service	4	stateful_second_us	91
first	main	make-service	4	stateful_newconn_us	112
first	main	make-service	4	stateless_connect_us	198
first	main	make-service	4	stateless_first_us	380
first	main	make-service	4	stateless_second_us	182
first	main	make-service	4	stateless_newconn_us	362
first	fork	router	4	stateful_connect_us	218
first	fork	router	4	stateful_first_us	481
first	fork	router	4	stateful_second_us	91
first	fork	router	4	stateful_newconn_us	287
first	fork	router	4	stateless_connect_us	165
first	fork	router	4	stateless_first_us	404
first	fork	router	4	stateless_second_us	137
first	fork	router	4	stateless_newconn_us	227
first	fork	make-service	4	stateful_connect_us	128
first	fork	make-service	4	stateful_first_us	272
first	fork	make-service	4	stateful_second_us	64
first	fork	make-service	4	stateful_newconn_us	142
first	fork	make-service	4	stateless_connect_us	141
first	fork	make-service	4	stateless_first_us	386
first	fork	make-service	4	stateless_second_us	77
first	fork	make-service	4	stateless_newconn_us	203
first	main	router	5	stateful_connect_us	136
first	main	router	5	stateful_first_us	461
first	main	router	5	stateful_second_us	84
first	main	router	5	stateful_newconn_us	314
first	main	router	5	stateless_connect_us	3021
first	main	router	5	stateless_first_us	3502
first	main	router	5	stateless_second_us	154
first	main	router	5	stateless_newconn_us	342
first	main	make-service	5	stateful_connect_us	170
first	main	make-service	5	stateful_first_us	308
first	main	make-service	5	stateful_second_us	104
first	main	make-service	5	stateful_newconn_us	152
first	main	make-service	5	stateless_connect_us	106
first	main	make-service	5	stateless_first_us	204
first	main	make-service	5	stateless_second_us	36
first	main	make-service	5	stateless_newconn_us	112
first	fork	router	5	stateful_connect_us	167
first	fork	router	5	stateful_first_us	2154
first	fork	router	5	stateful_second_us	50
first	fork	router	5	stateful_newconn_us	392
first	fork	router	5	stateless_connect_us	2109
first	fork	router	5	stateless_first_us	2307
first	fork	router	5	stateless_second_us	146
first	fork	router	5	stateless_newconn_us	376
first	fork	make-service	5	stateful_connect_us	126
first	fork	make-service	5	stateful_first_us	244
first	fork	make-service	5	stateful_second_us	103
first	fork	make-service	5	stateful_newconn_us	226
first	fork	make-service	5	stateless_connect_us	188
first	fork	make-service	5	stateless_first_us	470
first	fork	make-service	5	stateless_second_us	123
first	fork	make-service	5	stateless_newconn_us	217
first	main	router	6	stateful_connect_us	961
first	main	router	6	stateful_first_us	1106
first	main	router	6	stateful_second_us	134
first	main	router	6	stateful_newconn_us	248
first	main	router	6	stateless_connect_us	125
first	main	router	6	stateless_first_us	391
first	main	router	6	stateless_second_us	726
first	main	router	6	stateless_newconn_us	393
first	main	make-service	6	stateful_connect_us	178
first	main	make-service	6	stateful_first_us	327
first	main	make-service	6	stateful_second_us	69
first	main	make-service	6	stateful_newconn_us	147
first	main	make-service	6	stateless_connect_us	127
first	main	make-service	6	stateless_first_us	366
first	main	make-service	6	stateless_second_us	62
first	main	make-service	6	stateless_newconn_us	158
first	fork	router	6	stateful_connect_us	930
first	fork	router	6	stateful_first_us	1303
first	fork	router	6	stateful_second_us	104
first	fork	router	6	stateful_newconn_us	1545
first	fork	router	6	stateless_connect_us	278
first	fork	router	6	stateless_first_us	432
first	fork	router	6	stateless_second_us	87
first	fork	router	6	stateless_newconn_us	432
first	fork	make-service	6	stateful_connect_us	133
first	fork	make-service	6	stateful_first_us	350
first	fork	make-service	6	stateful_second_us	109
first	fork	make-service	6	stateful_newconn_us	306
first	fork	make-service	6	stateless_connect_us	168
first	fork	make-service	6	stateless_first_us	3790
first	fork	make-service	6	stateless_second_us	96
first	fork	make-service	6	stateless_newconn_us	183
first	main	router	7	stateful_connect_us	150
first	main	router	7	stateful_first_us	379
first	main	router	7	stateful_second_us	119
first	main	router	7	stateful_newconn_us	379
first	main	router	7	stateless_connect_us	158
first	main	router	7	stateless_first_us	520
first	main	router	7	stateless_second_us	53
first	main	router	7	stateless_newconn_us	353
first	main	make-service	7	stateful_connect_us	187
first	main	make-service	7	stateful_first_us	351
first	main	make-service	7	stateful_second_us	95
first	main	make-service	7	stateful_newconn_us	118
first	main	make-service	7	stateless_connect_us	116
first	main	make-service	7	stateless_first_us	277
first	main	make-service	7	stateless_second_us	113
first	main	make-service	7	stateless_newconn_us	156
first	fork	router	7	stateful_connect_us	113
first	fork	router	7	stateful_first_us	218
first	fork	router	7	stateful_second_us	38
first	fork	router	7	stateful_newconn_us	105
first	fork	router	7	stateless_connect_us	128
first	fork	router	7	stateless_first_us	330
first	fork	router	7	stateless_second_us	78
first	fork	router	7	stateless_newconn_us	726
first	fork	make-service	7	stateful_connect_us	178
first	fork	make-service	7	stateful_first_us	676
first	fork	make-service	7	stateful_second_us	197
first	fork	make-service	7	stateful_newconn_us	433
first	fork	make-service	7	stateless_connect_us	129
first	fork	make-service	7	stateless_first_us	226
first	fork	make-service	7	stateless_second_us	32
first	fork	make-service	7	stateless_newconn_us	99
first	main	router	8	stateful_connect_us	172
first	main	router	8	stateful_first_us	599
first	main	router	8	stateful_second_us	112
first	main	router	8	stateful_newconn_us	303
first	main	router	8	stateless_connect_us	144
first	main	router	8	stateless_first_us	534
first	main	router	8	stateless_second_us	128
first	main	router	8	stateless_newconn_us	338
first	main	make-service	8	stateful_connect_us	160
first	main	make-service	8	stateful_first_us	313
first	main	make-service	8	stateful_second_us	131
first	main	make-service	8	stateful_newconn_us	238
first	main	make-service	8	stateless_connect_us	161
first	main	make-service	8	stateless_first_us	370
first	main	make-service	8	stateless_second_us	140
first	main	make-service	8	stateless_newconn_us	224
first	fork	router	8	stateful_connect_us	146
first	fork	router	8	stateful_first_us	783
first	fork	router	8	stateful_second_us	187
first	fork	router	8	stateful_newconn_us	161
first	fork	router	8	stateless_connect_us	106
first	fork	router	8	stateless_first_us	345
first	fork	router	8	stateless_second_us	56
first	fork	router	8	stateless_newconn_us	108
first	fork	make-service	8	stateful_connect_us	181
first	fork	make-service	8	stateful_first_us	327
first	fork	make-service	8	stateful_second_us	131
first	fork	make-service	8	stateful_newconn_us	1324
first	fork	make-service	8	stateless_connect_us	173
first	fork	make-service	8	stateless_first_us	446
first	fork	make-service	8	stateless_second_us	103
first	fork	make-service	8	stateless_newconn_us	206
first	main	router	9	stateful_connect_us	167
first	main	router	9	stateful_first_us	706
first	main	router	9	stateful_second_us	82
first	main	router	9	stateful_newconn_us	987
first	main	router	9	stateless_connect_us	113
first	main	router	9	stateless_first_us	425
first	main	router	9	stateless_second_us	80
first	main	router	9	stateless_newconn_us	343
first	main	make-service	9	stateful_connect_us	154
first	main	make-service	9	stateful_first_us	300
first	main	make-service	9	stateful_second_us	491
first	main	make-service	9	stateful_newconn_us	194
first	main	make-service	9	stateless_connect_us	173
first	main	make-service	9	stateless_first_us	345
first	main	make-service	9	stateless_second_us	140
first	main	make-service	9	stateless_newconn_us	210
first	fork	router	9	stateful_connect_us	179
first	fork	router	9	stateful_first_us	458
first	fork	router	9	stateful_second_us	104
first	fork	router	9	stateful_newconn_us	222
first	fork	router	9	stateless_connect_us	134
first	fork	router	9	stateless_first_us	317
first	fork	router	9	stateless_second_us	50
first	fork	router	9	stateless_newconn_us	212
first	fork	make-service	9	stateful_connect_us	159
first	fork	make-service	9	stateful_first_us	313
first	fork	make-service	9	stateful_second_us	97
first	fork	make-service	9	stateful_newconn_us	165
first	fork	make-service	9	stateless_connect_us	155
first	fork	make-service	9	stateless_first_us	323
first	fork	make-service	9	stateless_second_us	67
first	fork	make-service	9	stateless_newconn_us	709
first	main	router	10	stateful_connect_us	178
first	main	router	10	stateful_first_us	353
first	main	router	10	stateful_second_us	63
first	main	router	10	stateful_newconn_us	224
first	main	router	10	stateless_connect_us	208
first	main	router	10	stateless_first_us	449
first	main	router	10	stateless_second_us	71
first	main	router	10	stateless_newconn_us	1306
first	main	make-service	10	stateful_connect_us	196
first	main	make-service	10	stateful_first_us	486
first	main	make-service	10	stateful_second_us	117
first	main	make-service	10	stateful_newconn_us	358
first	main	make-service	10	stateless_connect_us	134
first	main	make-service	10	stateless_first_us	323
first	main	make-service	10	stateless_second_us	91
first	main	make-service	10	stateless_newconn_us	179
first	fork	router	10	stateful_connect_us	171
first	fork	router	10	stateful_first_us	413
first	fork	router	10	stateful_second_us	144
first	fork	router	10	stateful_newconn_us	265
first	fork	router	10	stateless_connect_us	166
first	fork	router	10	stateless_first_us	1552
first	fork	router	10	stateless_second_us	207
first	fork	router	10	stateless_newconn_us	547
first	fork	make-service	10	stateful_connect_us	160
first	fork	make-service	10	stateful_first_us	482
first	fork	make-service	10	stateful_second_us	76
first	fork	make-service	10	stateful_newconn_us	157
first	fork	make-service	10	stateless_connect_us	146
first	fork	make-service	10	stateless_first_us	583
first	fork	make-service	10	stateless_second_us	251
first	fork	make-service	10	stateless_newconn_us	1119
first	main	router	11	stateful_connect_us	118
first	main	router	11	stateful_first_us	287
first	main	router	11	stateful_second_us	49
first	main	router	11	stateful_newconn_us	217
first	main	router	11	stateless_connect_us	1369
first	main	router	11	stateless_first_us	1603
first	main	router	11	stateless_second_us	96
first	main	router	11	stateless_newconn_us	340
first	main	make-service	11	stateful_connect_us	1452
first	main	make-service	11	stateful_first_us	1611
first	main	make-service	11	stateful_second_us	164
first	main	make-service	11	stateful_newconn_us	203
first	main	make-service	11	stateless_connect_us	129
first	main	make-service	11	stateless_first_us	585
first	main	make-service	11	stateless_second_us	84
first	main	make-service	11	stateless_newconn_us	157
first	fork	router	11	stateful_connect_us	126
first	fork	router	11	stateful_first_us	286
first	fork	router	11	stateful_second_us	88
first	fork	router	11	stateful_newconn_us	164
first	fork	router	11	stateless_connect_us	165
first	fork	router	11	stateless_first_us	527
first	fork	router	11	stateless_second_us	112
first	fork	router	11	stateless_newconn_us	199
first	fork	make-service	11	stateful_connect_us	158
first	fork	make-service	11	stateful_first_us	286
first	fork	make-service	11	stateful_second_us	41
first	fork	make-service	11	stateful_newconn_us	125
first	fork	make-service	11	stateless_connect_us	146
first	fork	make-service	11	stateless_first_us	280
first	fork	make-service	11	stateless_second_us	45
first	fork	make-service	11	stateless_newconn_us	155
first	main	router	12	stateful_connect_us	146
first	main	router	12	stateful_first_us	344
first	main	router	12	stateful_second_us	97
first	main	router	12	stateful_newconn_us	215
first	main	router	12	stateless_connect_us	157
first	main	router	12	stateless_first_us	480
first	main	router	12	stateless_second_us	168
first	main	router	12	stateless_newconn_us	387
first	main	make-service	12	stateful_connect_us	161
first	main	make-service	12	stateful_first_us	262
first	main	make-service	12	stateful_second_us	42
first	main	make-service	12	stateful_newconn_us	126
first	main	make-service	12	stateless_connect_us	206
first	main	make-service	12	stateless_first_us	366
first	main	make-service	12	stateless_second_us	66
first	main	make-service	12	stateless_newconn_us	512
first	fork	router	12	stateful_connect_us	129
first	fork	router	12	stateful_first_us	250
first	fork	router	12	stateful_second_us	111
first	fork	router	12	stateful_newconn_us	143
first	fork	router	12	stateless_connect_us	161
first	fork	router	12	stateless_first_us	358
first	fork	router	12	stateless_second_us	57
first	fork	router	12	stateless_newconn_us	232
first	fork	make-service	12	stateful_connect_us	163
first	fork	make-service	12	stateful_first_us	321
first	fork	make-service	12	stateful_second_us	183
first	fork	make-service	12	stateful_newconn_us	220
first	fork	make-service	12	stateless_connect_us	175
first	fork	make-service	12	stateless_first_us	322
first	fork	make-service	12	stateless_second_us	125
first	fork	make-service	12	stateless_newconn_us	165
first	main	router	13	stateful_connect_us	125
first	main	router	13	stateful_first_us	470
first	main	router	13	stateful_second_us	115
first	main	router	13	stateful_newconn_us	239
first	main	router	13	stateless_connect_us	115
first	main	router	13	stateless_first_us	396
first	main	router	13	stateless_second_us	47
first	main	router	13	stateless_newconn_us	387
first	main	make-service	13	stateful_connect_us	143
first	main	make-service	13	stateful_first_us	492
first	main	make-service	13	stateful_second_us	185
first	main	make-service	13	stateful_newconn_us	247
first	main	make-service	13	stateless_connect_us	158
first	main	make-service	13	stateless_first_us	296
first	main	make-service	13	stateless_second_us	59
first	main	make-service	13	stateless_newconn_us	113
first	fork	router	13	stateful_connect_us	170
first	fork	router	13	stateful_first_us	295
first	fork	router	13	stateful_second_us	54
first	fork	router	13	stateful_newconn_us	257
first	fork	router	13	stateless_connect_us	179
first	fork	router	13	stateless_first_us	370
first	fork	router	13	stateless_second_us	133
first	fork	router	13	stateless_newconn_us	131
first	fork	make-service	13	stateful_connect_us	181
first	fork	make-service	13	stateful_first_us	467
first	fork	make-service	13	stateful_second_us	190
first	fork	make-service	13	stateful_newconn_us	171
first	fork	make-service	13	stateless_second request: operation was canceled	
first	fork	make-service	13	stateless_connect_us	201
first	fork	make-service	13	stateless_first_us	1309
first	fork	make-service	13	stateless_second_us	0
first	fork	make-service	13	stateless_newconn_us	304
first	main	router	14	stateful_connect_us	189
first	main	router	14	stateful_first_us	547
first	main	router	14	stateful_second_us	98
first	main	router	14	stateful_newconn_us	394
first	main	router	14	stateless_connect_us	127
first	main	router	14	stateless_first_us	580
first	main	router	14	stateless_second_us	570
first	main	router	14	stateless_newconn_us	310
first	main	make-service	14	stateful_connect_us	172
first	main	make-service	14	stateful_first_us	331
first	main	make-service	14	stateful_second_us	134
first	main	make-service	14	stateful_newconn_us	183
first	main	make-service	14	stateless_connect_us	153
first	main	make-service	14	stateless_first_us	334
first	main	make-service	14	stateless_second_us	99
first	main	make-service	14	stateless_newconn_us	162
first	fork	router	14	stateful_connect_us	161
first	fork	router	14	stateful_first_us	1403
first	fork	router	14	stateful_second_us	207
first	fork	router	14	stateful_newconn_us	245
first	fork	router	14	stateless_connect_us	118
first	fork	router	14	stateless_first_us	353
first	fork	router	14	stateless_second_us	75
first	fork	router	14	stateless_newconn_us	128
first	fork	make-service	14	stateful_connect_us	222
first	fork	make-service	14	stateful_first_us	537
first	fork	make-service	14	stateful_second_us	155
first	fork	make-service	14	stateful_newconn_us	380
first	fork	make-service	14	stateless_connect_us	130
first	fork	make-service	14	stateless_first_us	255
first	fork	make-service	14	stateless_second_us	59
first	fork	make-service	14	stateless_newconn_us	667
first	main	router	15	stateful_connect_us	133
first	main	router	15	stateful_first_us	376
first	main	router	15	stateful_second_us	83
first	main	router	15	stateful_newconn_us	202
first	main	router	15	stateless_connect_us	297
first	main	router	15	stateless_first_us	941
first	main	router	15	stateless_second_us	301
first	main	router	15	stateless_newconn_us	1011
first	main	make-service	15	stateful_connect_us	142
first	main	make-service	15	stateful_first_us	246
first	main	make-service	15	stateful_second_us	40
first	main	make-service	15	stateful_newconn_us	181
first	main	make-service	15	stateless_connect_us	241
first	main	make-service	15	stateless_first_us	508
first	main	make-service	15	stateless_second_us	81
first	main	make-service	15	stateless_newconn_us	318
first	fork	router	15	stateful_connect_us	180
first	fork	router	15	stateful_first_us	341
first	fork	router	15	stateful_second_us	4663
first	fork	router	15	stateful_newconn_us	212
first	fork	router	15	stateless_connect_us	172
first	fork	router	15	stateless_first_us	1098
first	fork	router	15	stateless_second_us	94
first	fork	router	15	stateless_newconn_us	200
first	fork	make-service	15	stateful_connect_us	157
first	fork	make-service	15	stateful_first_us	288
first	fork	make-service	15	stateful_second_us	101
first	fork	make-service	15	stateful_newconn_us	178
first	fork	make-service	15	stateless_connect_us	140
first	fork	make-service	15	stateless_first_us	339
first	fork	make-service	15	stateless_second_us	64
first	fork	make-service	15	stateless_newconn_us	167
